Name,Address,Phone_Number
American Red Cross,100 S May Ave Athens OH 45701,7405935273
American Red Cross,102 N Thoman Street Crestline OH 44827,4196833772
American Red Cross,109 E Perry Street Port Clinton OH 43452,4197341100
American Red Cross,1100 Wayne Street Suite 1400 Troy OH 45373,9373321414
American Red Cross,1111 Research Dr Toledo OH 43614,4193292900
American Red Cross,115 W Wheeling STE F Lancaster OH 43130,7406875585
Hoxworth Blood Center,11812 Springfield Pike Cincinnati OH 45246,5134510910
American Red Cross,125 Fair Street Findlay OH 45840,4194229322
American Red Cross,130 Matrz Street Suite Suite 6 Greenville OH 45331,9375481002
American Red Cross,143 S 30th Street Newark OH 43058,7403499442
American Red Cross,1645 North Dixie Highway #1 Monroe MI 48162,4193292900
American Red Cross,181 N Bridge Street Chillicothe OH 45601,7407722014
Vitalant,18100 Jefferson Park Rd Ste 102 Middleburg Heights OH 44130,8772584825
American Red Cross,1849 Summerset Drive Marion OH 43302,7407259141
American Red Cross,2 Smith Drive Mansfield OH 44902,4195244254
American Red Cross,2111 Dana Ave Cincinnati OH 45207,5135793000
American Red Cross,25 N Canfield Niles Rd Suite 140 Austintown OH 44515,3303922551
Cleveland Cord Blood Center,25001 Emery Road Suite 150 Cleveland Ohio 44128,2168960360
American Red Cross,2929 West River Road N Elyria OH 44035,4403242929
American Red Cross,336 E Main Street Ottawa OH 45875,4194229322
Community Blood Center,349 S Main Street Dayton OH 45402,9374613220
American Red Cross,37 W Center Street Mt Gilead OH 43338,4199462811
American Red Cross,370 West 1st Street Dayton OH 45402,9372226711
American Red Cross,3747 Euclid Ave Cleveland OH 44115,2164313010
American Red Cross,404 Columbus Avenue Sandusky OH 44870,4196261641
American Red Cross,408 9th Street SW Canton OH 44707,3304530146
Vitalant,4119 Tuscarawas St W Canton OH 44708,8772584825
American Red Cross,416 Main Street Coshocton OH 43812,7406220228
American Red Cross,5 Masonic Drive Bancroft Manor Suite 312 Springfield OH 45504,9373993872
American Red Cross,501 West Market St Akron OH 44303,3305356131
Vitalant,710 Leona St Ste B Elyria OH 44035,8772584825
American Red Cross,734 Fair Ave NW New Philadelphia OH 44663,3303089430
American Red Cross,7650 East Pike Street Norwich OH 43767,7408442017
Hoxworth Blood Center,7844 Kingland Dr West Chester OH 45069,5134510910
American Red Cross,812 Coshocton Avenue Bldg 2 Unit #4 Mount Vernon OH 43050,7403976300
Hoxworth Blood Center,9708 Kenwood Rd Cincinnati OH 45424,5134510910